{
    "os": "Linux-5.11.0-38-generic-x86_64-with-glibc2.10",
    "python": "3.8.8",
    "heartbeatAt": "2021-10-24T16:40:30.580505",
    "startedAt": "2021-10-24T16:40:11.890077",
    "docker": null,
    "gpu": "GeForce RTX 3060",
    "gpu_count": 1,
    "cpu_count": 6,
    "cuda": null,
    "args": [
        "-f",
        "/home/indika/.local/share/jupyter/runtime/kernel-ed2b1a47-48a4-40b0-b38d-a23a5f7d7ab0.json"
    ],
    "state": "running",
    "program": "00.ipynb",
    "root": "/media/indika/Sync/Programming/Projects/Python/Artifical-Intelligence/PyTorch/RNN/Weather-archive-Jena-V2",
    "host": "programmer-rd-ai",
    "username": "indika",
    "executable": "/media/indika/Sync/anaconda3/bin/python"
}
